"X","Grupo","IdEvaluado","IdEvaluador","V COMPLETO","COMPLETO","V CLARIDAD","CLARIDAD","V CALIDAD DE EVIDENCIAS","CALIDAD DE EVIDENCIAS","V CALIDAD DE ARGUMENTACIÓN","CALIDAD DE ARGUMENTACIÓN","RETROALIMENTACIÓN GENERAL"
"1","GRUPO 1",1,1,3,NA,3,NA,3,NA,3,NA,"El laberinto funcionó, no lograron llegar a la meta señalada, pero el programa funciona y se podia distinguir el recorrido para lllegar a la meta."
"2","GRUPO 1",2,2,4,"El contenido fue muy entendible y concreto",3,"Permitio expresar sus propositos fundamentales",4,"Proyectaron una evidencia sustentable y precisa",3,"Su argumentaion fue buena; aunque no expreso su proceso fundamental",NA
"3","GRUPO 1",3,3,3,"Tenian completo todo lo referente a su presentación",3,"La mayor parte de lo que explicaron se entendia",2,"Los hallazgos presentados no fueron completamente concretos",2,"No soporta claramente los resultados","El grupo tuvo que ocupar el tiempo de presentación en otro momento ya que llegarón tarde"
"4","GRUPO 1",4,4,3,"Es entendible",4,"Es claro y preciso",4,"Es completa la evidencia",4,"Muy buenos argumentos",NA
"5","GRUPO 1",5,5,3,NA,4,"Mejorar la presentación del programa, para ponderar",4,NA,3,NA,NA
"6","GRUPO 1",6,6,3,NA,3,NA,3,NA,3,NA,NA
"7","GRUPO 1",7,7,3,"Entendi un poco de la problemática",2,"No entendí, casos complejos",3,"bueno, pero un poco dudoso, en parte de la simulación",3,"Resultados buenos",NA
"8","GRUPO 1",8,8,3,"Falta un poco de introducción",3,"Falta un poco de fluides",4,"Falta programar el cursor para que siva lo obtenido en menos tiempo marque el camino",3,NA,"Como grupo les falta un poco de organización y preparación"
"9","GRUPO 1",9,9,3,"Se entiende poco, pero deben estar seguros de sis mismo",3,"No esta muy claro por lo que el codigo no lo presentaron bien",3,"Falta su refuerzo en su informe presentado en resumen, pero la atencion es lo que cuenta",2,NA,"Faltó refuerzo en la explicación"
"10","GRUPO 1",10,10,4,NA,3,NA,4,NA,3,NA,"Me pareció interesante la exposición ya que explico un proyecto de forma practica y sencilla"
"11","GRUPO 1",11,11,3,NA,3,"Le falta expresarse un poco más",4,NA,4,NA,NA
"12","GRUPO 1",12,12,3,"El contenido parece completo pero no explicado",2,"Falta de explicación",2,"Tenia el codigo pero el funcionamiento dependia del tamaño del laberinto",3,NA,NA
"13","GRUPO 1",13,13,3,NA,3,NA,4,NA,3,NA,NA
"14","GRUPO 1",14,14,3,"Si estubo completo el contenido",3,"Fueron muy claros los temas expuestos",3,"Todo estubo claramente evidenciado por su materiasl de apoyo",3,"Todo fue totalmente respaldado, por su presentación","El contenido estubo completo si se dieron a entender, falta un poco de organización, pese a todos sus percances lograron presentar lo que quisieron"
"15","GRUPO 1",15,15,3,"Falta un poco mas de introducción",3,"Falta un poco de fluides",4,NA,3,NA,NA
"16","GRUPO 1",16,16,3,"El contenido estubo completo pero le falta mas fluides de las palabras",2,"Falta mas conceptos",3,"Las conclusiones dueron demsasiado",3,"Mas fluides en las palabras",NA
"17","GRUPO 1",17,19,3,NA,3,NA,3,NA,3,NA,"Falto organización en el grupo ya que tardaron en presentarse"
"18","GRUPO 1",18,20,3,NA,4,NA,3,NA,4,NA,NA
"19","GRUPO 1",19,21,4,NA,3,NA,3,NA,4,NA,NA
"20","GRUPO 1",20,22,3,NA,3,NA,3,NA,2,NA,"Porgrama no entendible"
"21","GRUPO 1",21,23,3,"Faltó explicar contenido",3,"No, no quedó claro",4,NA,2,NA,NA
"22","GRUPO 1",22,24,3,"Su información estubo genial",3,"Su material de apoyo fue claro, y estuvieron muy organizado",3,NA,3,NA,"Los objetivos de este grupo se cumplieron, su material de apoyo fue de gran ayuda, ya que todo fue con claridad"
"23","GRUPO 1",23,25,2,"Poca claridad en las diapositivas",1,"Mal explicado",2,"Programa no funcionaba como se debe",3,"Trabados al momento de exponer",NA
"24","GRUPO 1",24,26,3,NA,3,NA,2,NA,2,NA,"Les falta un poco mas de coordinación"
"25","GRUPO 1",25,29,2,NA,2,NA,2,NA,2,NA,"No estuvo muy claro los expositores, les falto coordinación, la proyección del programa esta un poco mas confuza, ya que el laberinto estaba muy unido, hablaron de que podía tener dos salidad y no lo mostrarón"
"26","GRUPO 1",26,30,3,NA,3,NA,3,NA,3,NA,"Le falta organización"
"27","GRUPO 1",27,31,4,"Si se cumplio con lo requerido",3,NA,3,NA,3,NA,NA
"28","GRUPO 1",28,32,3,NA,3,NA,3,NA,3,NA,"Le falta coordinación"
"29","GRUPO 1",29,33,3,NA,3,NA,3,NA,3,NA,"Un poco retrasada la presentación pero al final culminado con nuevos conocimiento"
"30","GRUPO 1",30,34,3,"Falta algo de argumentación",2,"Falta algo de claridad al exponer",2,"Falta evidenciar algo mas",4,NA,NA
"31","GRUPO 1",31,36,3,NA,3,NA,3,NA,3,NA,"No lograrón la simulación optimisada mas, si hicierón una breve simulación"
"32","GRUPO 1",32,37,3,"Faltó información más detallada",2,"Presentó tanto que me fue dificil comprender",2,"Faltó mayor explicación del tema, fue confuza y no fue claro",2,"No hubo argumentación",NA
"33","GRUPO 2",1,1,3,NA,3,NA,3,NA,3,NA,"Laexplicación estavo bien, aunque faltaron algunas cosas me parecio que la explicación estuvo bien"
"34","GRUPO 2",2,3,3,"Tenian la mayor parte del codigo y estaba clara su presentación",3,NA,2,"No evidencia los resultados",3,"presentaron una sustentación muy conncento","Tardaron en presentar, pero despues explicaron todo detalladamente"
"35","GRUPO 2",3,4,2,NA,3,NA,4,NA,2,NA,NA
"36","GRUPO 2",4,7,3,"Claro y presiso comprender lo que se habla",2,"Claro si, pero sin conclusión",2,"Concluyente",3,NA,NA
"37","GRUPO 2",5,8,3,NA,3,NA,2,"Faltó ejecución del programa, metricas y la sincronización de los semaforos",2,NA,"Organización grupal, coordinación con aterioridad"
"38","GRUPO 2",6,9,2,NA,2,NA,2,NA,2,NA,"Faltó mas explicación de codigo y la optimización"
"39","GRUPO 2",7,10,3,"Mas o menos",3,"No está muy claro",3,NA,3,NA,NA
"40","GRUPO 2",8,11,4,NA,3,"Le falto algo breve en el informe dado",4,NA,3,NA,NA
"41","GRUPO 2",9,12,2,NA,2,NA,2,"No completarón la resolción del problema",2,"No abarcaron comoletamente el tema",NA
"42","GRUPO 2",10,13,3,NA,3,NA,3,NA,3,NA,NA
"43","GRUPO 2",11,14,3,"Les faltó un poco de objetividad",3,"Un poco claro en cuanto a lo que proyectarón",3,"Falta contenido a su presentación",3,"Su información estuvo un poco indesisa","Les faltó mas organización en el grupo y ser mas objetivos en cuanto a la exposición"
"44","GRUPO 2",12,15,3,NA,3,NA,2,NA,2,NA,NA
"45","GRUPO 2",13,16,3,"Mas fluides de palabras",2,"Mas conceptualización",3,"Estuvieron bien pero falta más detalles",3,"Más fluides de palabras",NA
"46","GRUPO 2",14,19,2,"Les falto contenido en resultado",3,NA,3,NA,3,NA,NA
"47","GRUPO 2",15,20,3,NA,3,NA,4,NA,4,NA,NA
"48","GRUPO 2",16,21,2,"Si se puede entender pero faltó ser mas claro",3,NA,3,NA,2,NA,"Falto parte del codigo para la presentación"
"49","GRUPO 2",17,22,3,NA,3,NA,3,NA,3,NA,"No es muy clara explicación del prototipo ""Demo"""
"50","GRUPO 2",18,23,3,NA,2,NA,3,NA,2,"Faltó argumentar más cerca de la demostración",NA
"51","GRUPO 2",19,24,3,"Les falto un poco de claridad",3,"Les falto un poco de contenido",3,"Su información estuvo un poco compleja",3,NA,"Organización grupal"
"52","GRUPO 2",20,25,2,NA,2,NA,2,"No demostrado con claridad",2,"No sabia explicar el tema",NA
"53","GRUPO 2",21,26,2,"Les falto parte del contenido",3,NA,3,NA,3,NA,NA
"54","GRUPO 2",22,27,2,NA,3,NA,1,NA,1,NA,NA
"55","GRUPO 2",23,28,3,"Faltó un poco de especificaciones",3,NA,3,NA,3,NA,NA
"56","GRUPO 2",24,29,2,NA,3,NA,3,NA,3,NA,"Estuvo a mediados bien, no estuvo completo el trabajo, pero cada uno de los compañeros, tuvo parte bien coordinada"
"57","GRUPO 2",25,30,3,NA,3,NA,3,NA,3,NA,"Le falto codigo"
"58","GRUPO 2",26,31,3,NA,4,NA,3,NA,4,NA,NA
"59","GRUPO 2",27,32,3,NA,3,NA,2,NA,2,NA,"Les falto parte del codigo y del ejecutable"
"60","GRUPO 2",28,33,2,NA,3,NA,3,NA,3,NA,"Estubo incompleto el trabajo pero a la vez entendible para los compañeros"
"61","GRUPO 2",29,34,3,"Faltaron ciertas pautas",2,"Falto algo de claridad",3,"Faltaron pautas",3,"Faltaron las metricas",NA
"62","GRUPO 2",30,36,3,NA,3,NA,3,NA,3,NA,"Buen contenido, falta simulación"
"63","GRUPO 2",31,37,2,"La mayoria fue lectura y no fue compresible",2,"Mucho texto, no fue clara la defensa",2,"No se entendió del tema que fue expuesto",2,"Sin conclusiones claras","El grupo debe preparse mejor para futuros trabajos"
"64","GRUPO 3",1,5,3,"Se entiende",3,NA,3,NA,3,NA,NA
"65","GRUPO 3",2,6,1,"Falta los resultados",2,"Estuvo mas o menos claro",1,"Falta el resultado de las 5 variables a considerar",2,"Le falto la optimización","Falto los resultados y de obtener lo que se le solicito con anticipación"
"66","GRUPO 3",3,7,3,"Porque falto parte del resultado",2,"No se interpreto bien lo que intentaba decir",2,"No se mostro una conclusión concepto",2,"Existía una parte pero no lo que requería","No se coordino y existió fallos en presentación del proyecto"
"67","GRUPO 3",4,8,3,NA,2,NA,2,NA,3,NA,"Faltaron resultados"
"68","GRUPO 3",5,9,2,NA,NA,NA,2,NA,2,NA,NA
"69","GRUPO 3",6,10,3,"Yo comprendí la idea del proyecto",4,"Si se entendió lo explicado",4,"Pudieron mejorarse pero aun así los resultados fueron algo prometedores",4,NA,NA
"70","GRUPO 3",7,11,3,"Faltaron resultados",3,"Fue claro, se quedo un poco",2,"Interactiva muestra de la función de su problema sin embargo le faltaron puntos",2,NA,NA
"71","GRUPO 3",8,13,2,"Le faltaron los resultados, es decir las métricas solicitadas",3,"El informe permite su lectura e interpretación de la conclusión, pero no en base a los resultados obtenidos",2,"Quedaron ciertos temas que no fueron cerrados por completo",2,"Se presentaron los resultados de manera general mas no las métricas especificas, ejemplo aceleración",NA
"72","GRUPO 3",9,14,2,"No fue preciso al momento de explicar",3,"La mayor parte de la diapositivas estuvo bien planteada",3,"El informe sobre los semáforos tiene base en sus argumentos",3,"Todo lo expuesto tiene la base del informe","El grupo expuso un poco pasado de tiempo por se el primero. Pero a que encendiera todo"
"73","GRUPO 3",10,16,2,NA,1,NA,2,NA,2,NA,NA
"74","GRUPO 3",11,17,3,"Es entendible",2,NA,2,NA,3,NA,"Le faltaron los resultados"
"75","GRUPO 3",12,18,3,"Es entendible la presentación",2,NA,2,"Porque le falto algunas partes del proyecto",2,NA,NA
"76","GRUPO 3",13,19,2,NA,2,NA,1,NA,2,NA,NA
"77","GRUPO 3",14,20,2,"Por falta de tiempo no se pudo entender bien",2,"No se mostro conclusiones",2,"Falto los resultados (evidencias)",2,NA,NA
"78","GRUPO 3",15,23,3,"Estuvo relativamente bien",4,"Se presenta un informe claro y su explicación fácil de entender",3,"Falto mas contenido",3,"Fue precisa pero falto explicación",NA
"79","GRUPO 3",16,25,2,"Códigos sin pruebas",2,"Demasiada teoría y escaso problema",3,"Tiene la documentación",2,"Sin resultado",NA
"80","GRUPO 3",17,26,4,NA,3,NA,2,NA,3,NA,"No se presento el trabajo completo, atraso, falta de argumentos"
"81","GRUPO 3",18,27,3,"Le falto las métricas",4,"Fue claro su proyecto",3,"Le falto mas evidencia",2,"No me gusto",NA
"82","GRUPO 3",19,28,2,"Casi no fue entendible",3,"Estuvo un poco claro aunque falto que se especificara mas",2,NA,2,NA,NA
"83","GRUPO 3",20,29,2,NA,2,NA,2,NA,2,NA,"Ser inteligente los semáforos"
"84","GRUPO 3",21,30,2,"Falto pruebas del código",2,"En si hubo mucha teoría y no problemas del código",3,"En si, si lo tiene el código y los papeles",2,"No hay resultados solo explicación en teoría",NA
"85","GRUPO 3",22,31,3,NA,2,NA,2,NA,2,NA,"Falta fluidez interpretación no presenta argumentos"
"86","GRUPO 4",1,1,3,NA,3,NA,3,NA,3,NA,"La explicacion estuvo entendible, aunque no se ve el demo."
"87","GRUPO 4",2,2,3,"Su documentacion fue muy comprensible",3,"Sus metodos fueron concisos con implementacion tecnica y desarrollada.",4,"Concluyeron con mucha investigacion concreta y explicita.",4,"Sus conocimientos cmplementados en el informe debido a su experimentos fueron muy importantes para el desarrollo del informe.",NA
"88","GRUPO 4",3,3,2,"Les falta el demo del proyecto",3,"Expresaron bien todo lo que tenian.",2,"Les faltó presentar bien sus resultados.",2,"Lo que presentaron estuvo muy bien aunque les faltó los resultados.",NA
"89","GRUPO 4",4,4,3,NA,2,NA,2,NA,2,NA,NA
"90","GRUPO 4",5,5,3,NA,4,NA,4,NA,5,"Mejorar los argumentos para poder comprender mejor.",NA
"91","GRUPO 4",6,6,3,NA,4,NA,3,NA,4,NA,NA
"92","GRUPO 4",7,7,2,"No comprendo",3,"No tiene claro no fue entendible.",2,NA,2,NA,"No entendí muy bien como concluyó y su funcionamiento."
"93","GRUPO 4",8,8,3,NA,3,NA,2,"Faltó la ejecución de los resultados.",2,NA,"Organizar, coordinación y preparación del tema"
"94","GRUPO 4",9,9,3,"No se entiende",3,NA,3,NA,3,NA,"Sin demo"
"95","GRUPO 4",10,10,3,NA,2,NA,3,NA,2,NA,NA
"96","GRUPO 4",11,11,3,NA,4,NA,4,NA,3,"Explicar algo mas.",NA
"97","GRUPO 4",12,12,2,"No presentó completos los datos.",2,NA,2,"No entiendo el trabajo",2,NA,NA
"98","GRUPO 4",13,13,3,NA,3,NA,3,NA,3,NA,NA
"99","GRUPO 4",14,14,3,NA,2,NA,2,NA,2,NA,"Faltó contenido (codigo) no estuvo entendido."
"100","GRUPO 4",15,15,3,NA,3,NA,2,NA,2,NA,NA
"101","GRUPO 4",16,16,2,"Le falta contenido",2,"No se pudo apreciar con muha claridad la informacion.",1,"No presentó los hallazgos.",1,"No concordaban con el tema.",NA
"102","GRUPO 4",17,19,2,NA,2,NA,2,NA,2,NA,"Le faltó el demo"
"103","GRUPO 4",18,20,4,NA,3,NA,4,NA,3,NA,NA
"104","GRUPO 4",19,21,3,NA,3,NA,3,NA,3,NA,NA
"105","GRUPO 4",20,22,2,"No entendí",2,NA,2,NA,2,NA,NA
"106","GRUPO 4",21,23,2,"No está completo",1,"No quedó claro",1,"No se presentó evidencia por lo que no quedó claro nada.",1,"Nada argumentacion por parte de los compañeros.",NA
"107","GRUPO 4",22,24,3,NA,3,NA,3,NA,3,NA,"Faltó implementacion mas sobre el algoritmo, les falto un poco mas de claridad a la hora de explicar"
"108","GRUPO 4",23,25,2,"El programa presentado solo en imágenes.",3,NA,1,"No fue evidencia",2,"Leyeron los argumentos",NA
"109","GRUPO 4",24,26,2,NA,2,NA,2,NA,2,NA,"Les faltó el demo y coordinacion"
"110","GRUPO 4",25,27,3,NA,2,NA,3,NA,2,NA,NA
"111","GRUPO 4",26,28,3,NA,3,NA,3,NA,3,NA,NA
"112","GRUPO 4",27,29,3,NA,NA,NA,2,NA,2,NA,"Estuvo un poco quedado le faló de interpretacion, y las conclusiones no fueron precisas hablando de su tema, no tenia coherencia."
"113","GRUPO 4",28,31,3,NA,3,NA,3,NA,3,NA,NA
"114","GRUPO 4",29,34,2,"Faltó la explicación",2,"Faltó algo de claridad",1,"No se presentó la demo",2,"Faltó argumentacion.",NA
"115","GRUPO 4",30,35,3,NA,3,NA,2,"Faltó la ejecucion de los resultados.",2,NA,"Organizar, coordinacion y preparacion del tema."
"116","GRUPO 4",31,37,4,"Entendí el tema tratado",3,"El informe fue claro, con la informacion adecuada.",3,NA,3,"La argumentacion faltó sobre los objetivos obtenidos.",NA
"117","GRUPO 4",32,NA,NA,NA,NA,NA,NA,NA,NA,NA,"La explicacion estuvo entendible, aunque no se ve el demo."
"118","GRUPO 6",1,5,3,NA,3,NA,3,NA,3,NA,"Les falto coordinación y preparar los equipos de trabajo"
"119","GRUPO 6",2,6,4,"Si tiene la simulación",4,"Era entendible",3,"Les falto tiempo para evidenciarlo",4,"Fue entendible y claro","Se le complico pero igual trataron de mostrar la simulación y demostrar lo que había realizado"
"120","GRUPO 6",3,7,3,"Se entendió al principio pero luego se quedaron o congelaron",3,"Si existió una pequeña parte de lectura e interpretación pero después se fallo",NA,NA,3,"Si porque se mostro una parte del resultado pero como existió una parte congelada falos","El grupo no estaba preparado"
"121","GRUPO 6",4,8,3,NA,3,NA,3,NA,3,NA,NA
"122","GRUPO 6",5,9,2,NA,NA,NA,1,NA,1,NA,"No les falto el tiempo para complementar"
"123","GRUPO 6",6,10,3,NA,4,NA,3,NA,3,NA,"Hubo un poco de nervios ente la organización al presentar el proyecto de hay si me gusto su presentación"
"124","GRUPO 6",7,13,1,NA,1,NA,4,NA,1,NA,NA
"125","GRUPO 6",8,14,3,"El proyecto fue bastante entendible",3,"El informe fue claro",3,"Estuvieron bien planteados",3,"Tenia base la información dada","La computadora no tenia entrada VGA y tuvieron un pequeño retraso"
"126","GRUPO 6",9,16,2,NA,3,NA,1,NA,1,NA,"No les alcanzo el tiempo para complementar"
"127","GRUPO 6",10,17,3,NA,3,NA,3,NA,3,NA,NA
"128","GRUPO 6",11,18,2,NA,3,NA,3,NA,2,NA,"Les falto mas organización"
"129","GRUPO 6",12,19,3,NA,2,NA,2,NA,3,NA,NA
"130","GRUPO 6",13,20,3,"No se mostro todo el contenido pero si se logro entender",3,"Si se logro explicar muy bien",3,"Problemas técnicos, no se pudo apreciar bien",2,"Se presentaron los resultados y conclusiones de el proyecto",NA
"131","GRUPO 6",14,23,3,"falto mas contenido",3,"Falto mas coordinación",3,NA,3,"Les falto",NA
"132","GRUPO 6",15,25,4,"Cuenta con material de apoyo",2,"No se justifico el código",1,"Escasa evidencia",3,"Cuenta con lo necesario a medias","Se tomaron su tiempo, pero consiguieron exponer"
"133","GRUPO 6",16,26,3,NA,2,NA,3,NA,3,NA,"Trabajo incompleto, atraso"
"134","GRUPO 6",17,27,4,"Me gusto",3,"Fácil claridad",3,"Buena evidencia y programa",2,"Le falta la métrica",NA
"135","GRUPO 6",18,30,3,"Tiene su código y texto",2,"Si contiene su código pero no sustentación",2,"Falta evidencia necesarias",3,"Si tiene aunque poco","Falto mas coordinación demora mucho en exponer"
"136","GRUPO 6",19,31,3,NA,3,NA,3,NA,3,NA,"Fluidez en el tema, calidad expresiva"
"137","GRUPO 6",20,32,2,NA,1,NA,2,NA,2,NA,"No se coordino el grupo"
"138","GRUPO 6",21,NA,NA,NA,NA,NA,NA,NA,NA,NA,NA
"139","GRUPO 6",22,NA,NA,NA,NA,NA,NA,NA,NA,NA,NA
"140","GRUPO 7",1,1,3,NA,3,NA,3,NA,3,NA,"FUE UNA BUENA EXPLICAION Y EL VIDEO MOSTRO EL MOMENTO DE EJECUCION DEL PROGRAMAY DETALLES DEL MISMO."
"141","GRUPO 7",2,2,4,"SUS PROYECCIONES EN EL CONTENIDO ES MUY TECNICA Y PERMITE CONCRETAR UN CONOCIMIENTO",4,"LA FORMA EN LA CUAL REALIZARON LA INVESTIGACION ESTABLECE MUCHAS FORMAS DE CONSTRUIR LOS SEMAFOROS INTELIGENTES.",3,"PERMITIERON CONSIDERAR MUCHAS DEFINICIONESDE UN NUEVO PROYECTO Y ESTILO DE VIDA .",4,"SUS  DOMINIO DEL TEMA PERMITIO TRANSPARENTAR Y ASI FILTAR LA INFORMACION EN NUEVOS MODOS DE COMPRENSION",NA
"142","GRUPO 7",3,4,3,NA,3,"MEJORAR LAS CONDICIONES",3,NA,4,NA,NA
"143","GRUPO 7",4,5,4,NA,3,NA,4,NA,3,NA,NA
"144","GRUPO 7",5,6,4,NA,4,NA,4,NA,4,NA,NA
"145","GRUPO 7",6,8,3,"FALTA MAS ESPECIFICACIONES",3,"FALTA MAS FLUIDEZY CONCRETANCIA",2,"NO SE PUEDE AGREGAR BIEN LA PROYECCION DE LOS RESULTADOS",3,NA,"FALTA ORGANIZACIÓN EN EL GRUPO PARA LA EXPOSICION"
"146","GRUPO 7",7,9,3,NA,3,"SUS PUNTOS ESTUVIERON CLAROS Y PRECISOS",3,"ESTA CLARO EL PRESENTE TRABAJO PRESENTADO",3,NA,NA
"147","GRUPO 7",8,10,3,NA,3,NA,3,NA,2,NA,NA
"148","GRUPO 7",9,11,4,NA,3,NA,4,NA,4,NA,NA
"149","GRUPO 7",10,12,3,NA,2,NA,2,"LAS EVIDENCIAS NO RESPONDEN A TODAS LAS INTERROGANTES",4,NA,NA
"150","GRUPO 7",11,13,3,"EL PROYECTO NO ESTA DE ACUERDO A LOS LIMITES",4,NA,3,NA,3,NA,NA
"151","GRUPO 7",12,14,3,"EL CONTENIDO ES CLARO",3,"FUERON PRECISOS CON LOS COMENTARIOS",4,"FALTARON PARTES IMPORTANTES",4,"LOS ARGUMENTOS FUERON VALIDOS",NA
"152","GRUPO 7",13,15,3,NA,3,NA,4,NA,4,NA,NA
"153","GRUPO 7",14,16,3,"FLUIDEZ DE PALABRAS",4,"INFORMACION CLARA Y CONCISA",4,"PRESENTA TODOS LOS TRABAJOS OBTENIDOS",3,"MAS SOPORTE EN LOS RESULTADOS",NA
"154","GRUPO 7",15,17,3,"SE ENTIENDE UN 80%",3,"NO ESTA TAN CLARO Y NO ESTA COMPLETO EL PROYECTO",3,"NO ESTA COMPLETO",3,"HASTA LO Q MOSTRARON ESTA DE ACORDE AL PROYECTO PERO NO ESTA COMPLETO",NA
"155","GRUPO 7",16,19,3,NA,3,NA,3,NA,3,NA,"PROBLEMAS AL PRESENTARSE NO LES FUNCIONABA EL PROYECTOR"
"156","GRUPO 7",17,20,4,"BUEN TRABAJO",3,NA,4,NA,4,NA,NA
"157","GRUPO 7",18,21,3,NA,3,NA,3,NA,3,NA,"ESTUBIERON BASTANTE CLAROS Y EXPLICARON BIEN"
"158","GRUPO 7",19,22,2,NA,3,NA,3,NA,2,NA,"FUERON MUY CLAROS EN LO QUE LES TOCO EXPONER"
"159","GRUPO 7",20,23,4,NA,4,"MUY CLAROS Y BIEN EXPLICADO",4,NA,4,NA,NA
"160","GRUPO 7",21,24,3,"MUY CLARA Y ENTENDIBLE LA INFORMACIO",3,"BUENA INFORMACION AGREGADA AL MATERIAL DE APOYO",3,"ESTUVIERON BIEN ORGANIZADOS",3,"SE PRESENTO EL RESPECTIVO RESULTADO EL CUAL CONVIERTE EN EL CODIGO Y EJECUCION","EXCELENTE GRUPO ,BIEN LA INFORMACION EXPRESADOS POR CADA UNO DE ELLOS"
"161","GRUPO 7",22,25,3,"MEDIAMENTE COMPLETO",2,"COPIA DE INTERNET",3,"SOLO VIDEO MAS NO EL PROGRAMA",3,NA,NA
"162","GRUPO 7",23,26,3,NA,3,NA,3,NA,3,NA,"SUPIERON COORDINAR TODO MUY BIEN"
"163","GRUPO 7",24,27,3,NA,3,NA,3,NA,4,NA,NA
"164","GRUPO 7",25,28,4,NA,4,NA,4,NA,4,NA,NA
"165","GRUPO 7",26,29,4,NA,4,NA,4,NA,4,NA,"ESTUVO MUY BIEN PREPARADO,UNA PRESENTACION MUY BUENA ,ME PARECIO TODO MUY BIEN"
"166","GRUPO 7",27,30,3,NA,3,NA,3,NA,3,NA,NA
"167","GRUPO 7",28,31,4,NA,3,NA,3,NA,3,NA,NA
"168","GRUPO 7",29,32,4,NA,4,NA,4,NA,4,NA,"BUENA EXPOSICION"
"169","GRUPO 7",30,33,3,NA,3,NA,3,NA,3,NA,"UNA BUENA EXPOSCION Y EXPLICACION BUENA"
"170","GRUPO 7",31,34,3,NA,2,NA,3,NA,4,NA,NA
"171","GRUPO 7",32,35,3,NA,3,NA,3,NA,4,NA,"EL CONTENIDO DEL CODIGO NO ERA VISIBLEMENTE CLARO"
"172","GRUPO 7",33,36,3,NA,3,NA,3,NA,3,NA,"CUMPLIERON CON LO QUE SE LES PIDIO"
"173","GRUPO 7",34,37,4,NA,4,NA,4,NA,4,NA,NA
"174","GRUPO 7",35,38,4,NA,3,NA,3,NA,3,NA,NA
"175","GRUPO 8",1,1,3,"LA EXPLICACION FUE CLARA",3,"FUE MEDIA TEDIOSA",3,NA,3,NA,"LA EXPLICACION FUE CLARA Y CONCISA"
"176","GRUPO 8",2,2,3,"LA FORMA QUE SE PROYECTO LA INFORMACION PROFUNDIZO CONOCIMIENTOS",4,"FUERON MUY COMPRENSIBLES Y CONCISOS",4,"ESTABLECIERON FUNDAMENTOS CONCRETOS DE DONDE OBTUVIERON LA INFORMACION",3,"EXCELENTES ARGUMENTOS,NO CONSIDERARON TOTALMENTE LA INVESTIGACION",NA
"177","GRUPO 8",3,3,3,"EXPLICACION DE MANERA EFICIENTE",2,"ESTUVO CONFUSA LA PRESENTACION DEL TEMA",2,"NO FUERON SUFICIENTES LAS EVIDENCIAS Y LAS CONCLUSIONES DEL INFORME",3,"FUERON ARGUMENTOS JURIDICOS MUY CONSISTENTES",NA
"178","GRUPO 8",4,4,3,NA,2,NA,3,NA,2,NA,NA
"179","GRUPO 8",5,5,3,NA,3,NA,3,NA,3,NA,"UN POCO MAS DE ORGANIZACIÓN AL PRESENTAR EL PROYECTO"
"180","GRUPO 8",6,6,4,NA,3,NA,3,NA,4,NA,NA
"181","GRUPO 8",7,7,1,"NO ENTENDI",2,NA,3,NA,2,"NO VI CONCLUSIONES DEL TEMA","SI ME GUSTO LA SUSTENTACION INFORMACION BUENA Y ATRACTIVA"
"182","GRUPO 8",8,8,3,NA,3,NA,3,NA,3,NA,NA
"183","GRUPO 8",9,9,2,NA,2,NA,2,NA,2,NA,NA
"184","GRUPO 8",10,10,3,NA,3,NA,3,NA,3,NA,NA
"185","GRUPO 8",11,11,4,NA,3,NA,4,NA,3,NA,NA
"186","GRUPO 8",12,12,2,NA,3,NA,2,"NO PRESENTAN TOTAL DOMINIO Y EL CODIGO NO RESUELVE EL PROBLEMA",2,NA,NA
"187","GRUPO 8",13,13,3,NA,3,NA,3,NA,3,NA,NA
"188","GRUPO 8",14,14,3,"CONTENIDO UN POCO INCOMPLETO",3,NA,3,NA,3,"LOS ARGUMENTOS FUERON ACEPTABLES","FALTA MAS DE CONTENIDO Y EXPLICACION EN CUANTO AL PROYECTO Y SER MAS ESPECIFICOS"
"189","GRUPO 8",15,15,3,NA,3,NA,4,NA,3,NA,NA
"190","GRUPO 8",16,16,3,"MAS FLUIDEZ SOBRE EL TEMA",3,"LAS CONCLUSIONES SON CLARAS PERO FALTA ARGUMENTACION",3,"SE OBTIENEN BUENOS RESULTADOS",2,"MAS ARGUMENTACION",NA
"191","GRUPO 8",17,17,2,NA,2,NA,3,"NO SE HIZO UNA DE LAS MATRICES PARA EVALUAR EL ALGORITMO",3,"FALTAN LAS MATRICES",NA
"192","GRUPO 8",18,19,3,NA,2,NA,3,NA,3,NA,"LES FALTA HABLAR UN POCO MAS FUERTE A UNO DE LOS INTEGRANTES"
"193","GRUPO 8",19,20,4,NA,4,NA,4,NA,3,NA,NA
"194","GRUPO 8",20,21,2,NA,3,NA,3,NA,3,NA,"ESTUVO ENTENDIBLE SOLO QUE FALTO"
"195","GRUPO 8",21,22,2,NA,3,NA,3,NA,2,NA,"NO SE ESCUCHO MUY CLARO A LA EXPOSICION"
"196","GRUPO 8",22,23,3,NA,2,NA,3,NA,3,"FALTO ACLARAR LA ARGUMENTACION",NA
"197","GRUPO 8",23,24,3,"LE FALTA ALZAR UN POQUITO MAS LA VOZ PARA QUE SEA MAS CLARA",3,"ESTUVO UN POCO COMPLEJA LA INFORMACION",3,"SE PRESENTO LOS RESPECTIVOS RESULTADOS Y BIEN EXPLICADOS",3,"FALTA  ARGUMENTAR UN POCO MAS ,PERO ESTUVO MUY BIEN","ESTUVO UN POCO COMPLEJA LA INFORMACION"
"198","GRUPO 8",24,25,3,"DIFICIL Comprensión",2,"DIFICIL Comprensión",3,NA,3,NA,NA
"199","GRUPO 8",25,26,3,NA,2,NA,3,NA,3,NA,"LES FALTO UN POCO MAS DE CONTENIDO"
"200","GRUPO 8",26,27,3,NA,2,NA,2,NA,2,NA,NA
"201","GRUPO 8",27,28,4,NA,3,NA,4,NA,4,NA,NA
"202","GRUPO 8",28,29,2,NA,2,NA,2,NA,2,NA,"N ESTUVO CLARA LA ARGUMENTACION Y NO SE ENTENDIA"
"203","GRUPO 8",29,30,3,NA,3,NA,3,NA,3,NA,NA
"204","GRUPO 8",30,32,3,NA,2,NA,2,NA,2,NA,NA
"205","GRUPO 8",31,33,2,NA,3,NA,3,NA,3,NA,"BUENA EXPOSICION"
"206","GRUPO 8",32,34,3,NA,3,NA,2,NA,4,NA,NA
"207","GRUPO 8",33,35,3,NA,3,NA,3,NA,3,NA,NA
"208","GRUPO 8",34,36,3,NA,3,NA,2,"POCA EVIDENCIA",3,NA,NA
"209","GRUPO 8",35,37,3,NA,3,NA,4,NA,3,NA,"ESTUVO CLARA LA ARGUMENTACION PERO A MI CRITERIO LE FALTO UN POCO MAS SOBRE LOS RESULTADOS"
"210","GRUPO 8",36,38,3,NA,3,NA,3,NA,4,NA,NA
"211","GRUPO 8C",1,4,3,"El contenido es completo",2,"El informe es claro pero no buena semántica",3,"La calidad de la evidencia es buena",3,"Los argumentos son muy técnicos y buenos",NA
"212","GRUPO 8C",2,5,4,NA,4,NA,3,NA,4,NA,NA
"213","GRUPO 8C",3,6,4,"Si estableció documentación completa",4,"Fue entendible y claro",4,"Si se encontró prueba de que se prepararon",4,"Fue buena","Fue entendible y mostro el código"
"214","GRUPO 8C",4,7,3,"Se pudo entender lo que se necesitaba pero no estaba completo",3,"Existia una parte inconclusa y por eso no se completó lo que se queria mostrar",3,"Existió parte incompleta y por eso no se llegó a interpretar",3,"Las presentaciones esta bien pero se quedaban al bien pero se quedaban al momento de avanzar con la explicación",NA
"215","GRUPO 8C",5,8,3,NA,4,NA,3,NA,3,NA,NA
"216","GRUPO 8C",6,9,2,NA,2,NA,2,NA,2,NA,NA
"217","GRUPO 8C",7,10,4,"A opinión propia si lo estuvo lo que yo no sabría con exactitud",3,NA,3,NA,3,NA,NA
"218","GRUPO 8C",8,11,3,"Tuvo todos los puntos",3,"Se quedó mientras explicaba pero estuvo completo",3,NA,3,NA,NA
"219","GRUPO 8C",9,13,3,"Faltaron las métricas",3,"No se concluyo completamente",2,"faltó observar el funcionamiento del algoritmo",3,"Se cumplió con ciertos parametros",NA
"220","GRUPO 8C",10,14,4,"Se entiende muy bien",3,"Muestran la mayor parte de sus",3,NA,3,NA,"No tuvieron problemas"
"221","GRUPO 8C",11,16,2,NA,2,NA,2,NA,2,NA,"En mi opinión falto explicación"
"222","GRUPO 8C",12,17,3,NA,3,NA,2,NA,3,NA,NA
"223","GRUPO 8C",13,18,NA,NA,3,"Le falto que sean más claro en la sustentación",2,"Le falta más plantamiento en el proyecto",2,NA,NA
"224","GRUPO 8C",14,19,2,NA,2,NA,2,NA,2,NA,NA
"225","GRUPO 8C",15,20,3,"Si,el contenido fue adecuado y entendible",3,"Si, ya que se presentó buena información",3,NA,3,"Si, su información estuvo acorde a su presentación",NA
"226","GRUPO 8C",16,23,3,"Faltó más contenido",3,"Faltó argumentar más",3,"Faltó las metricas",4,"Estuvo muy claro",NA
"227","GRUPO 8C",17,24,3,"Si , el contenido es completo y se pudo entender",2,"El informe se ve claro y permite la lectura",3,"La calidad de la evidencia es muy buena",3,"Los argumentos son muy tecnicos y buenos",NA
"228","GRUPO 8C",18,26,2,NA,3,NA,3,NA,2,NA,"Falta detallar en los resultados"
"229","GRUPO 8C",19,27,3,"Más o menos",4,"Tiene claridad",3,"Me pareció bien",2,"La argumentación no me gustó",NA
"230","GRUPO 8C",20,28,3,"Si se pudo entender y esta bien explicado",2,"Faltó un poco de organización",3,NA,3,NA,NA
"231","GRUPO 8C",21,29,2,NA,2,NA,2,NA,2,NA,"Ser inteligente el  semáforo"
"232","GRUPO 8C",22,32,2,NA,2,NA,2,NA,2,NA,"No fue muy entendible"
"233","GRUPO 10",1,4,3,"El contenido es completo",2,"El informe es claro pero no buena semántica",3,"La calidad de la evidencia es buena",3,"Los argumentos son muy técnicos y buenos",NA
"234","GRUPO 10",2,5,4,NA,4,NA,3,NA,4,NA,NA
"235","GRUPO 10",3,6,4,"Si estableció documentación completa",4,"Fue entendible y claro",4,"Si se encontró prueba de que se prepararon",4,"Fue buena","Fue entendible y mostro el código"
"236","GRUPO 10",4,7,3,"Se pudo entender lo que se necesitaba pero no estaba completo",3,"Existia una parte inconclusa y por eso no se completó lo que se queria mostrar",3,"Existió parte incompleta y por eso no se llegó a interpretar",3,"Las presentaciones esta bien pero se quedaban al bien pero se quedaban al momento de avanzar con la explicación",NA
"237","GRUPO 10",5,8,3,NA,4,NA,3,NA,3,NA,NA
"238","GRUPO 10",6,9,2,NA,2,NA,2,NA,2,NA,NA
"239","GRUPO 10",7,10,4,"A opinión propia si lo estuvo lo que yo no sabría con exactitud",3,NA,3,NA,3,NA,NA
"240","GRUPO 10",8,11,3,"Tuvo todos los puntos",3,"Se quedó mientras explicaba pero estuvo completo",3,NA,3,NA,NA
"241","GRUPO 10",9,13,3,"Faltaron las métricas",3,"No se concluyo completamente",2,"faltó observar el funcionamiento del algoritmo",3,"Se cumplió con ciertos parametros",NA
"242","GRUPO 10",10,14,4,"Se entiende muy bien",3,"Muestran la mayor parte de sus",3,NA,3,NA,"No tuvieron problemas"
"243","GRUPO 10",11,16,2,NA,2,NA,2,NA,2,NA,"En mi opinión falto explicación"
"244","GRUPO 10",12,17,3,NA,3,NA,2,NA,3,NA,NA
"245","GRUPO 10",13,18,NA,NA,3,"Le falto que sean más claro en la sustentación",2,"Le falta más plantamiento en el proyecto",2,NA,NA
"246","GRUPO 10",14,19,2,NA,2,NA,2,NA,2,NA,NA
"247","GRUPO 10",15,20,3,"Si,el contenido fue adecuado y entendible",3,"Si, ya que se presentó buena información",3,NA,3,"Si, su información estuvo acorde a su presentación",NA
"248","GRUPO 10",16,23,3,"Faltó más contenido",3,"Faltó argumentar más",3,"Faltó las metricas",4,"Estuvo muy claro",NA
"249","GRUPO 10",17,24,3,"Si , el contenido es completo y se pudo entender",2,"El informe se ve claro y permite la lectura",3,"La calidad de la evidencia es muy buena",3,"Los argumentos son muy tecnicos y buenos",NA
"250","GRUPO 10",18,26,2,NA,3,NA,3,NA,2,NA,"Falta detallar en los resultados"
"251","GRUPO 10",19,27,3,"Más o menos",4,"Tiene claridad",3,"Me pareció bien",2,"La argumentación no me gustó",NA
"252","GRUPO 10",20,28,3,"Si se pudo entender y esta bien explicado",2,"Faltó un poco de organización",3,NA,3,NA,NA
"253","GRUPO 10",21,29,2,NA,2,NA,2,NA,2,NA,"Ser inteligente el  semáforo"
"254","GRUPO 10",22,32,2,NA,2,NA,2,NA,2,NA,"No fue muy entendible"
"255","GRUPO 11",1,4,3,"El contenido es completo",2,"El informe es claro pero no buena semántica",3,"La calidad de la evidencia es buena",3,"Los argumentos son muy técnicos y buenos",NA
"256","GRUPO 11",2,5,4,NA,4,NA,3,NA,4,NA,NA
"257","GRUPO 11",3,6,4,"Si estableció documentación completa",4,"Fue entendible y claro",4,"Si se encontró prueba de que se prepararon",4,"Fue buena","Fue entendible y mostro el código"
"258","GRUPO 11",4,7,3,"Se pudo entender lo que se necesitaba pero no estaba completo",3,"Existia una parte inconclusa y por eso no se completó lo que se queria mostrar",3,"Existió parte incompleta y por eso no se llegó a interpretar",3,"Las presentaciones esta bien pero se quedaban al bien pero se quedaban al momento de avanzar con la explicación",NA
"259","GRUPO 11",5,8,3,NA,4,NA,3,NA,3,NA,NA
"260","GRUPO 11",6,9,2,NA,2,NA,2,NA,2,NA,NA
"261","GRUPO 11",7,10,4,"A opinión propia si lo estuvo lo que yo no sabría con exactitud",3,NA,3,NA,3,NA,NA
"262","GRUPO 11",8,11,3,"Tuvo todos los puntos",3,"Se quedó mientras explicaba pero estuvo completo",3,NA,3,NA,NA
"263","GRUPO 11",9,13,3,"Faltaron las métricas",3,"No se concluyo completamente",2,"faltó observar el funcionamiento del algoritmo",3,"Se cumplió con ciertos parametros",NA
"264","GRUPO 11",10,14,4,"Se entiende muy bien",3,"Muestran la mayor parte de sus",3,NA,3,NA,"No tuvieron problemas"
"265","GRUPO 11",11,16,2,NA,2,NA,2,NA,2,NA,"En mi opinión falto explicación"
"266","GRUPO 11",12,17,3,NA,3,NA,2,NA,3,NA,NA
"267","GRUPO 11",13,18,NA,NA,3,"Le falto que sean más claro en la sustentación",2,"Le falta más plantamiento en el proyecto",2,NA,NA
"268","GRUPO 11",14,19,2,NA,2,NA,2,NA,2,NA,NA
"269","GRUPO 11",15,20,3,"Si,el contenido fue adecuado y entendible",3,"Si, ya que se presentó buena información",3,NA,3,"Si, su información estuvo acorde a su presentación",NA
"270","GRUPO 11",16,23,3,"Faltó más contenido",3,"Faltó argumentar más",3,"Faltó las metricas",4,"Estuvo muy claro",NA
"271","GRUPO 11",17,24,3,"Si , el contenido es completo y se pudo entender",2,"El informe se ve claro y permite la lectura",3,"La calidad de la evidencia es muy buena",3,"Los argumentos son muy tecnicos y buenos",NA
"272","GRUPO 11",18,26,2,NA,3,NA,3,NA,2,NA,"Falta detallar en los resultados"
"273","GRUPO 11",19,27,3,"Más o menos",4,"Tiene claridad",3,"Me pareció bien",2,"La argumentación no me gustó",NA
"274","GRUPO 11",20,28,3,"Si se pudo entender y esta bien explicado",2,"Faltó un poco de organización",3,NA,3,NA,NA
"275","GRUPO 11",21,29,2,NA,2,NA,2,NA,2,NA,"Ser inteligente el  semáforo"
"276","GRUPO 11",22,32,2,NA,2,NA,2,NA,2,NA,"No fue muy entendible"
"277","GRUPO 12",1,1,3,NA,3,NA,3,NA,3,NA,"La explicación que dieron muy explicita, sin embargo la exposicion del programa en Arduino fue amplia y clara, aunque no lo ejecutaron, pero fue entendible"
"278","GRUPO 12",2,2,4,"Su informe fue conciso y preciso en los procesos fundamentales a cumplir",3,"La expresión corporal con relación al tema evidencia su proyección en el enfoque del mismo.",4,"La forma en la cual establecierón los puntos concretos del tema fundamentan sus conocimientos en él",3,"Cabe destacar que a pesar de su buena evidencia y soporte del tema, en el momento de proyectarla estipularon ciertos en el tema para asi establecer su desarrollo.",NA
"279","GRUPO 12",3,3,4,"Tenían bastante contenido interesante y útil",3,"La interpretación de lo que presentaron fue clara",3,"Presentaron resultados interesantes de acuerdo a su proyecto",4,"Argumentaron todo de manera clara y precisa","Solo falto la parte de la demostración"
"280","GRUPO 12",4,4,4,NA,4,NA,3,NA,3,NA,NA
"281","GRUPO 12",5,5,4,NA,4,NA,4,NA,4,NA,"Todo bien presentado, los argumentos excelentes"
"282","GRUPO 12",6,7,4,"Claro y preciso",4,"Buena explicación",4,"Muy buena",4,"Completos y buenos","Claramente vemos que trabajaron en el proyecto"
"283","GRUPO 12",7,8,3,NA,3,NA,2,"No se presento el prototipo de la ejecución del demo",3,NA,"Incumplimiento sobre los materiales de presentación"
"284","GRUPO 12",8,9,2,NA,2,"Falta más detalle acerca de la semaforización",2,NA,2,NA,NA
"285","GRUPO 12",9,10,4,NA,3,NA,4,NA,3,NA,NA
"286","GRUPO 12",10,11,3,"Le hizo falta lo ejecutable",4,NA,3,NA,4,NA,NA
"287","GRUPO 12",11,13,4,NA,4,NA,3,NA,4,NA,NA
"288","GRUPO 12",12,14,2,"Contenido poco entendible",3,NA,2,NA,2,NA,"Su proyecto fue poco entendible pero pudieron lograr salvar su presentación, en cuanto a los requisitos se necesitaban en el proyecto."
"289","GRUPO 12",13,15,4,NA,4,NA,2,"Falto el demo del prototipo",4,NA,NA
"290","GRUPO 12",14,16,3,NA,3,NA,3,NA,2,"Más fluidez de palabras",NA
"291","GRUPO 12",15,17,3,NA,3,NA,3,NA,3,NA,NA
"292","GRUPO 12",16,19,3,"Completo",3,"Entendible",3,NA,3,NA,NA
"293","GRUPO 12",17,20,4,NA,3,NA,4,NA,4,NA,"Falto maqueta (DEMO)"
"294","GRUPO 12",18,21,2,"Sí, pero lo explicaron muy largo, no lo resumieron",2,NA,3,NA,3,NA,"Muy larga la explicación del código"
"295","GRUPO 12",19,22,3,NA,3,NA,1,NA,2,"Si lo dijo muy bien pero no fue más claro y resumido el código","No se entendio resultados"
"296","GRUPO 12",20,23,2,"Complejo de entender",2,NA,3,NA,4,"Muy bien argumentado",NA
"297","GRUPO 12",21,24,2,"Estuvo complejo",2,"Explicaron informacion que no debe ir en una diapositiva osea lo que nos indico el porfesor",NA,"Si se representa el ejecutable y estuvo explicado de una manera clara",2,NA,"Le falto argumentar un poco más, pero de una manera clara y precisa"
"298","GRUPO 12",22,26,3,"EL contenido estuvo completo",3,"Estuvo claro y entendible",3,NA,3,"Supieron sustentar muy bien","No hubo problema al momento de presentar los argumentos"
"299","GRUPO 12",23,27,4,NA,3,NA,3,NA,3,NA,NA
"300","GRUPO 12",24,28,4,NA,4,NA,4,NA,4,NA,NA
"301","GRUPO 12",25,31,3,"Hizo falta lo que es el ejecutable",3,"No se pudo concluir si funcionaba el codigo",3,NA,3,"La explicación si fue coherente",NA
"302","GRUPO 12",26,35,4,NA,3,NA,2,"No se presentó el prototipo del proyecto",3,NA,NA
"303","GRUPO 12",27,36,3,NA,3,NA,3,NA,3,NA,"Bien expuesta más falta la simulación"
"304","GRUPO 12",28,37,4,"El tema tratado fue claro",3,"Al inicio faltó mayor énfasis sobre el tema",4,"La exposición fue clara, el código fue entendible",4,"Completa, cumplio con la expectativa, consiguió los resultados","La presentación fue buena, me hubiera gustado ver la ejecución del programa"
"305","GRUPO 12",29,21,4,NA,4,NA,4,NA,4,NA,NA
"306","GRUPO 12",30,6,4,NA,4,NA,4,NA,4,NA,NA
"307","GRUPO 12",31,22,2,NA,2,NA,2,NA,1,NA,NA
"308","GRUPO 12",32,32,4,NA,4,NA,4,NA,4,NA,NA
"309","GRUPO 12",33,30,3,NA,3,NA,3,NA,NA,NA,NA
"310","GRUPO 12",34,29,4,NA,4,NA,4,NA,4,NA,"Estuvo muy bien sustentado, solo le falto la parte del DEMO, y ahí todo bien"
"311","GRUPO 12",35,33,3,NA,3,NA,3,NA,3,NA,"Buena exposición"
"312","GRUPO 13",1,4,4,"es completo",3,"es muy claro pero redudante",4,"buena evidencia con buena conclusion",4,"buena argumentacion y resultado","no presento programa"
"313","GRUPO 13",2,5,1,"no presentaron la demo",4,NA,1,NA,4,NA,NA
"314","GRUPO 13",3,6,4,NA,4,NA,4,NA,4,NA,NA
"315","GRUPO 13",4,7,3,"era poco de entender",2,"es poco claro",3,"evidencia presentaba no clara",2,"los argumentos no eran muy consistentes",NA
"316","GRUPO 13",5,8,3,NA,4,NA,3,NA,4,NA,NA
"317","GRUPO 13",6,9,1,NA,NA,NA,1,NA,1,NA,NA
"318","GRUPO 13",7,10,4,"me gusto el contenido",4,"si se pudo apreciar su aplicación",4,"a mi opinion si estaba porque tenia todo implementado en el programa",4,"si es rentable porque tenia evidencia","la explicacion fue breve y concreto"
"319","GRUPO 13",8,16,2,NA,3,NA,2,NA,2,NA,"falta explicacion y no presento el demo"
"320","GRUPO 13",9,17,3,NA,3,"muy bien explicado",2,NA,3,NA,NA
"321","GRUPO 13",10,18,3,"porque le falta el codigo",2,NA,2,NA,2,NA,NA
"322","GRUPO 13",11,8,2,NA,2,NA,2,NA,2,NA,NA
"323","GRUPO 13",12,20,2,"no totamente, pero lograron derivar una introduccion",2,"su exposicion estubo de acuerdo a su expesificacion",2,"no, ya que se logro tener claro parte de el contenido de el tema",2,"ciertamente tubo una buena investigacion, pero no se mostro una evidencia de la optimizacion","no estaba totalmente cordinadas, no presentaron evidencia"
"324","GRUPO 13",13,24,3,"muy bueno",4,"es muy claro",4,"la evidencia presenta es muy clara",4,"los argumentos son muy buenos",NA
"325","GRUPO 13",14,27,3,"mas o menos",3,"le falto mas",3,"muy poco",3,"le falta codigo",NA
"326","GRUPO 13",15,29,2,NA,2,NA,2,NA,2,NA,NA
"327","GRUPO 13",16,32,2,NA,2,NA,2,NA,2,NA,"no mostraron el sistema"
"328","GRUPO 13",17,31,2,NA,2,NA,2,NA,2,NA,"falto fluidez, comprencion lectura"
"329","GRUPO 13",18,11,3,NA,2,NA,2,NA,2,"explicaron su codigo correctamente",NA
"330","GRUPO 13",19,28,2,"falta poco de organización",2,"no estubo tan entendible",2,NA,2,NA,NA
"331","GRUPO 13",20,25,2,"escaco contenido",3,"estubo claro pero falto ejemplos",2,"los hallazgos se justificaron pero no se comprendieron bien",2,"falto resultado",NA
"332","GRUPO 13",21,30,2,"si se puede entender pero hubo poca explicacion",3,"falto un poco de base",2,"falto mas codigo",2,"falto mas prueba de analisis",NA
"333","GRUPO 13",22,NA,NA,NA,NA,NA,NA,NA,NA,NA,NA
"334","GRUPO 14",1,4,3,"es completo",4,"buena claridad",3,"evidencia con alto contenido",3,"buena argumentacion","no presento demo"
"335","GRUPO 14",2,5,3,NA,4,NA,4,NA,4,NA,NA
"336","GRUPO 14",3,6,4,NA,4,NA,4,NA,4,NA,NA
"337","GRUPO 14",4,8,1,NA,1,NA,3,NA,3,NA,"falto seriedad en la exposicion"
"338","GRUPO 14",5,9,2,NA,NA,NA,2,NA,2,NA,NA
"339","GRUPO 14",6,13,3,"fue comprensible el contenido",3,"falto la matirce requerida para evidencia la optimizacion",3,"presentaron el codigo puede e imágenes de la ejecucion",3,NA,NA
"340","GRUPO 14",7,14,4,"la explicacion fue presisa",4,NA,4,NA,4,NA,"no tuvieron incovenientes"
"341","GRUPO 14",8,16,2,NA,2,NA,2,NA,2,NA,"no presentaron el demo pero poco entendible la explicacion"
"342","GRUPO 14",9,17,3,NA,2,NA,2,NA,3,NA,NA
"343","GRUPO 14",10,18,NA,NA,NA,NA,NA,NA,NA,NA,"les falto la parte del codigo, pero estuvieron bien organicelos en la parte teorica"
"344","GRUPO 14",11,19,2,NA,2,NA,3,NA,2,NA,NA
"345","GRUPO 14",12,23,4,"explicacion clara",4,"el informe es facil de entender",3,"faltaria los costos",4,NA,NA
"346","GRUPO 14",13,24,3,"el contenido esta completo",3,"el informe es claro y permite su lectura",3,"la evidencia estan soportados y evidenciados",3,"los argumentos del proyecto som buenos",NA
"347","GRUPO 14",14,26,2,NA,3,NA,3,NA,3,NA,"falta demo"
"348","GRUPO 14",15,29,2,NA,2,NA,3,NA,2,NA,NA
"349","GRUPO 14",16,32,2,NA,2,NA,2,NA,2,NA,"no fue muy entendible la exposicion, no hay demo"
"350","GRUPO 14",17,31,2,NA,4,NA,2,NA,4,NA,"fludez en el tema, desorientados al momento de exponer"
"351","GRUPO 14",18,30,2,"solo hubo teoria, falto mas codigo explicar",3,"si conceptos y resultados caso completos",2,"en si falta mas conclusiones, evidencias, el trabajo realzado",2,"falto prueba del tema, pero lo otro si lo tenía",NA
"352","GRUPO 14",19,11,4,NA,3,"el momento de la explicacion del backHacking no fue muy claro",4,NA,4,NA,NA
"353","GRUPO 14",20,28,2,"no estubo tan entendible falto mas claridad al momento de explicar",2,NA,3,NA,2,NA,NA
"354","GRUPO 14",21,25,3,"el contenido esta completo",2,"es claro permite la interpretacion",3,"los hollazgos que se presentaron evidencian su trabajo",2,"resultados consistentes pero falto mas explicacion",NA
"355","GRUPO 14",22,NA,NA,NA,NA,NA,NA,NA,NA,NA,NA
"356","GRUPO 15",1,1,4,NA,4,NA,3,NA,4,NA,"La explicación de la exposición es entendible, se mostró y explicó el código y la ejecución donde primero mostró un obstáculo y después se mostró la solución en un corto periodo de tiempo."
"357","GRUPO 15",2,2,3,"Contemplaron cada punto del tema del laberinto",3,"Fueron concisos con sus opiniones del conocimiento del tema",3,"Establecieron conclusiones concretas del laberinto aunque faltó algo de implementación de comprensión",2,"Se establecieron nuevos argumentos aunque fallo un poco en su reporte de el mismo",NA
"358","GRUPO 15",3,3,3,"Comenzaron defendiendo muy bien lo planteado",3,"Fueron precisos al momento de explicar su proyecto",3,"Sus conclusiones fueron presentados",2,"No fueron consistentes en sus resultados",NA
"359","GRUPO 15",4,4,4,NA,3,NA,3,NA,4,NA,NA
"360","GRUPO 15",5,5,3,"El contenido le faltó un poco de contundencia",4,NA,4,NA,4,NA,NA
"361","GRUPO 15",6,6,4,NA,3,NA,3,NA,4,NA,NA
"362","GRUPO 15",7,7,3,"Concepto claro y legible",4,"Buena explicación de enlace fuerte",4,"Bien explicado",4,NA,"Buena conclusión final"
"363","GRUPO 15",8,8,3,NA,3,NA,3,"No mostraron la ejecución",4,"No explicaron con claridad las conclusiones","Coordinación grupal"
"364","GRUPO 15",9,9,2,NA,2,NA,2,NA,2,NA,NA
"365","GRUPO 15",10,10,3,NA,3,NA,3,NA,3,NA,NA
"366","GRUPO 15",11,11,3,NA,4,NA,4,NA,4,NA,NA
"367","GRUPO 15",12,12,3,NA,3,NA,3,"Si contiene los recorridos automatizados del laberinto",3,NA,NA
"368","GRUPO 15",13,13,4,NA,4,NA,4,NA,4,NA,NA
"369","GRUPO 15",14,14,3,"Su contenido completo",3,NA,3,NA,3,NA,"Fueron claros y objetivos en cuanto a su contenido lograron que sea entendible"
"370","GRUPO 15",15,15,3,NA,3,NA,2,"Faltó ejecución del prototipo",3,NA,NA
"371","GRUPO 15",16,19,3,NA,3,NA,3,NA,3,NA,"Les faltó coodinación al presentarse."
"372","GRUPO 15",17,20,4,NA,4,NA,4,NA,3,NA,NA
"373","GRUPO 15",18,21,3,NA,2,NA,2,NA,2,NA,"No les entendí muy bien sobre el código"
"374","GRUPO 15",19,22,2,NA,2,NA,2,NA,2,NA,NA
"375","GRUPO 15",20,25,3,"No mostraron en el compilador",3,"Mostraron en múltiples postes",2,"No mostraron",3,"Mediamente buena",NA
"376","GRUPO 15",21,26,3,NA,3,NA,3,NA,3,NA,"Les falta un poco de coordinación al presentarse"
"377","GRUPO 15",22,27,4,NA,3,NA,3,NA,3,NA,NA
"378","GRUPO 15",23,28,3,NA,3,NA,3,NA,3,NA,NA
"379","GRUPO 15",24,29,3,NA,2,NA,2,NA,2,NA,"Le faltó claridad, casi no se podía apreciar la ejecución del programa"
"380","GRUPO 15",25,30,3,NA,3,NA,NA,NA,NA,NA,NA
"381","GRUPO 15",26,31,3,NA,4,NA,3,NA,4,NA,NA
"382","GRUPO 15",27,32,4,NA,3,NA,3,NA,3,NA,NA
"383","GRUPO 15",28,33,2,NA,3,NA,3,NA,3,NA,NA
"384","GRUPO 15",29,34,3,NA,3,NA,4,NA,4,NA,NA
"385","GRUPO 15",30,35,3,NA,4,NA,3,NA,2,"No se expresó con claridad.",NA
"386","GRUPO 15",31,36,3,NA,3,NA,3,NA,3,NA,"Estuvo buena la explicación, no hubo buena explicacion de la simulación"
"387","GRUPO 15",32,37,3,"Falta mayor contenido sobre el tema al inicio",3,NA,4,"En cuanto a la ejecución del código fue clara, se entendió",4,"Conclusión de ejecución fue entendible","Mejorar la parte gráfica del proyecto y enviar modo de juego ya que se lo contaba con modo random"
"388","GRUPO 15",33,NA,3,"Completo",4,"S trató con fluidez el tema",3,"Se demostró la implementación en el proyecto",3,"La conclusión tiene sentido en la problemática","El proyecto proyecto presentado fue eficiente."
"389","GRUPO 15",34,NA,4,NA,4,NA,4,NA,4,NA,NA
"390","GRUPO 15",35,NA,3,NA,3,NA,3,NA,3,NA,NA
"391","GRUPO 15",36,NA,NA,NA,NA,NA,NA,NA,NA,NA,NA
"392","GRUPO 15",37,NA,NA,NA,NA,NA,NA,NA,NA,NA,NA
"393","GRUPO 16",1,1,3,NA,3,NA,2,NA,3,NA,"Aunque la educacion fue un poco confundible la simulacion de las vias y semaforos fueron entendibles"
"394","GRUPO 16",2,2,3,"Su informe fue completo y conciso.",4,"Fueron espectativas muy claras y precisas",4,"Establecieron una complementacion muy predispuesta  de su obtencion de la informacion",3,"Sus fundamentos del tema fueron muy explicitos concluyendo nuevos rumbos desconocidos.",NA
"395","GRUPO 16",3,3,3,"Expresaron su proyecto de manera eficaz.",3,"Sus conclusiones fueron sustentadas de manera precisa.",2,"No presentaron resultados en metricas.",3,"Son medianamente consistentes.",NA
"396","GRUPO 16",4,4,3,"No se completo pero cumple por ciertas normas",3,"Clara y comprensible",3,"El software presentado es eficiente.",2,"La sustentacion fue un poco rapida y falta las funciones","La aparicion fue buena y el proyecto funciono muy bien."
"397","GRUPO 16",5,5,3,NA,4,NA,3,"Solo mejorar la calidad de evidencias.",4,NA,NA
"398","GRUPO 16",6,7,2,"Algo incompleto",3,"Si, coherente",3,"Con buena simulacion",2,"Si","La simulacion me gusto, muy buena"
"399","GRUPO 16",7,8,3,NA,3,NA,2,"Falto simulacion con tiempo real",3,"Falto fluidez y mas con creatividad","Organización Grupal"
"400","GRUPO 16",8,9,2,NA,2,NA,2,NA,2,NA,"Falta mas su diseño y explicacion"
"401","GRUPO 16",9,10,1,NA,2,NA,2,NA,2,NA,NA
"402","GRUPO 16",10,11,3,"Le falto aplicar el ejecutable",4,NA,3,NA,4,NA,NA
"403","GRUPO 16",11,12,2,NA,2,NA,2,"Solo leran y no contra la audiencia, favorecera masivo acto que una presentacion.",2,NA,NA
"404","GRUPO 16",12,13,2,NA,3,NA,3,NA,3,NA,NA
"405","GRUPO 16",13,14,3,NA,3,NA,3,NA,3,NA,"La presentacion estuvo entendible y hubo un poco de discordinacion."
"406","GRUPO 16",14,15,3,NA,3,NA,3,NA,3,NA,NA
"407","GRUPO 16",15,16,3,NA,3,NA,2,NA,2,"Mas fluidez de palabras",NA
"408","GRUPO 16",16,17,3,NA,3,NA,3,NA,3,"Funcionamiento Interesante",NA
"409","GRUPO 16",17,18,2,NA,2,NA,4,NA,4,NA,NA
"410","GRUPO 16",18,20,4,NA,3,NA,4,NA,3,NA,NA
"411","GRUPO 16",19,21,3,NA,3,NA,4,NA,4,NA,NA
"412","GRUPO 16",20,22,4,NA,4,NA,3,NA,3,NA,NA
"413","GRUPO 16",21,23,2,"No se pudo entender debido a la calidad del compilador",3,NA,3,NA,3,NA,NA
"414","GRUPO 16",22,24,3,"Estuvo clara la informacion",3,NA,3,"Estuvo dinamica y llamativa la exposicion de este grupo",3,"Le falta un poco mas ser claras en las conclusiones de lo que se logro en el presente proyecto","Estuvieron clara la informacion que cada uno brinda."
"415","GRUPO 16",23,25,2,"Texto excesivo para una presentacion",1,"Todo fue leido",2,"Poca claridad al presentar el software",2,"Leyeron todo",NA
"416","GRUPO 16",24,27,4,NA,2,NA,3,NA,3,NA,NA
"417","GRUPO 16",25,28,3,NA,3,NA,3,NA,4,NA,NA
"418","GRUPO 16",26,29,3,NA,2,NA,2,NA,2,NA,"No estuvo muy claro, las conclusiones tuvieron confusas no se coordiaron bien y fue pura lectura"
"419","GRUPO 16",27,30,2,NA,2,NA,2,NA,2,NA,NA
"420","GRUPO 16",28,31,3,NA,4,NA,4,NA,4,NA,NA
"421","GRUPO 16",29,32,2,NA,2,NA,2,NA,2,NA,"Le Falta parte de la ejecucion"
"422","GRUPO 16",30,33,2,NA,3,NA,3,NA,3,NA,"Facil de entender."
"423","GRUPO 16",31,34,2,NA,2,NA,2,NA,2,NA,NA
"424","GRUPO 16",32,35,3,NA,3,NA,3,NA,3,NA,NA
"425","GRUPO 16",33,36,3,NA,3,NA,3,NA,3,NA,NA
"426","GRUPO 16",34,37,3,"Poca informacion sobre el tema.",2,"No se declara del todo, casi no se hablo",2,NA,3,"La exposicion del codigo no fue clara al momento de la explicacion del problema, pero la parte de simulacion en RANA fue buena.","La exposicion como grupo debe mejorar, debe  estar mejor distruibuido los temas. La simulacion fue interesante."
"427","GRUPO 19",1,4,3,"Completo y entendible",3,"Claro y consistente",4,"Evidencia con buen soporte",4,"Argumentación clara y consisa",NA
"428","GRUPO 19",2,6,3,NA,3,NA,3,NA,3,NA,NA
"429","GRUPO 19",3,7,2,"Se presentó casi completo pero además no fue fácil de entender",3,"Fue muy escaso y poco de entender",3,"Hubo evidencia pero no fue clara",2,NA,"Se quedaron en el momento de presentar las evidencias"
"430","GRUPO 19",4,10,3,NA,4,NA,4,NA,3,NA,NA
"431","GRUPO 19",5,11,3,"Faltó la demostración del programa funcionando",3,NA,2,NA,2,NA,"Uno de los miembros se integró en media exposición"
"432","GRUPO 19",6,13,4,NA,3,NA,4,NA,4,NA,NA
"433","GRUPO 19",7,14,3,"Fue una buena explicación",3,NA,3,NA,3,NA,"No tuvieron contratiempos"
"434","GRUPO 19",8,16,2,NA,2,NA,2,NA,2,NA,"El código que presentaron no se veía muy bien, por lo que existen problemasen entender mejor, tuvieron un poco de desacuerdo, pero se logró entender en base lo que mostraron"
"435","GRUPO 19",9,18,3,NA,3,NA,3,NA,3,NA,NA
"436","GRUPO 19",10,19,2,NA,2,NA,2,NA,2,NA,NA
"437","GRUPO 19",11,20,2,"Se logró una buena documentación",2,"Su contenido fue claro",2,NA,3,NA,NA
"438","GRUPO 19",12,23,4,"Explicación clara",4,"Informe fácil de entender",3,"Faltaron las matrices",4,"Argumentación precisa",NA
"439","GRUPO 19",13,24,4,"El trabajo estaba completo",4,"El informe es claro y permite su lectura",4,"Los hallazgos son buenas y están completamente evidenciados",4,"Los argumentos de la exposición es buena",NA
"440","GRUPO 19",14,25,3,"Cuenta con material de apoyo",2,"Estuvo claro pero faltaron ejemplos",2,"Presentaron hallazgos incompletos",2,"Resultados entendibles pero incompletos",NA
"441","GRUPO 19",15,26,2,NA,3,NA,2,NA,2,NA,"Faltó resultados"
"442","GRUPO 19",16,27,3,NA,3,NA,3,NA,3,NA,NA
"443","GRUPO 19",17,28,2,"Faltó el programa funcionando",3,NA,2,NA,2,NA,NA
"444","GRUPO 19",18,29,2,NA,2,NA,2,NA,2,NA,NA
"445","GRUPO 19",19,30,3,"Sólo falta explicación más concreta del código",2,"Faltó más conclusiones de hallazgos y sus bases del código",3,"Sí contiene sus evidencias, sólo faltó complementar",2,"Faltó análisis del peso y tiempo",NA
"446","GRUPO 19",20,31,3,NA,3,NA,2,NA,3,NA,"Fluidez en el tema"
"447","GRUPO 19",21,32,3,NA,4,NA,3,NA,3,NA,"Estuvo entendible, mejor que los demás grupos, pero al momento de explicar el código fallaron."
"448","GRUPO 19",22,NA,2,NA,NA,NA,2,NA,2,NA,NA
"449","GRUPO 19",23,NA,NA,NA,NA,NA,NA,NA,NA,NA,NA
"450","GRUPO 19",24,NA,NA,NA,NA,NA,NA,NA,NA,NA,NA
"451","GRUPO 19",25,NA,NA,NA,NA,NA,NA,NA,NA,NA,NA
"452","GRUPO 19",26,NA,NA,NA,NA,NA,NA,NA,NA,NA,NA
"453","GRUPO 20",1,1,3,NA,3,NA,2,NA,2,NA,"La explicación fue buena, sin embargo no hubo una simulacion ni programación pero los datos fueron interesantes"
"454","GRUPO 20",2,3,3,"El contenido es eficaz y casi completo",3,"Tuvieron pequeños problemas al monento de hablar",2,"Presentaron resultados dudosos",3,"Falto presentacion de la DEMO",NA
"455","GRUPO 20",3,4,4,NA,3,NA,2,NA,3,NA,NA
"456","GRUPO 20",4,9,2,NA,2,NA,2,NA,2,NA,NA
"457","GRUPO 20",5,5,3,NA,3,"Mejora un poco la presentación",3,"Falto prototipo",3,NA,NA
"458","GRUPO 20",6,7,2,"Medio confuso",2,NA,1,NA,3,"Algo impropiado",NA
"459","GRUPO 20",7,10,4,NA,3,NA,4,NA,4,NA,NA
"460","GRUPO 20",8,2,3,"Su contenido fue completo alguna que otra falencia",3,"Su informe fue factible en nuevos conocimientos",4,"Las evidencias proyectar estilos diferentes que adoptan los semaforos inteligenetes",3,"Su argumentacion fue buena aunque no expresaron  totalmente todos sus funciones",NA
"461","GRUPO 20",9,12,2,NA,2,NA,2,"Los datos estan copiados directamente de internet y no presentan informe completo",2,NA,NA
"462","GRUPO 20",10,13,2,"Falta contenido",3,NA,2,"Evidencia dudosa por datos elevados",3,NA,NA
"463","GRUPO 20",11,14,3,"Contenido completo",3,NA,2,NA,2,NA,"Su presentación estuvo bien un poco más objetividad"
"464","GRUPO 20",12,15,3,NA,NA,NA,2,"Falta prototipo",3,NA,NA
"465","GRUPO 20",13,16,2,"Más contenido del tema",2,"Más clara las conclusiones",2,"Falto resultados",2,"Más fluides de palabras",NA
"466","GRUPO 20",14,17,2,NA,2,NA,3,NA,3,NA,NA
"467","GRUPO 20",15,19,3,NA,2,NA,2,NA,3,NA,NA
"468","GRUPO 20",16,21,2,NA,2,NA,2,NA,2,NA,"Poca explicación deberian ser más claros"
"469","GRUPO 20",17,22,2,NA,2,NA,3,NA,3,NA,"Falto explicación"
"470","GRUPO 20",18,23,3,NA,NA,NA,2,"Se presentó una tabla de porcentaje pero no se efidencia la fuente de dicha tabla",3,NA,NA
"471","GRUPO 20",19,24,2,"Fallto claridad",2,"Les falto argumentar más",2,"Los resultados estubieron un poco complejo , pero si fueron presentados y explicados",2,"Les falto programa ejecutable","Falto organización , claridad y sean preciso en el tema"
"472","GRUPO 20",20,25,3,"Partes notorias copiadas de internet",3,"Se leyo partes primordiales",1,"No mostrado",2,"Partes no referenciadas como datos",NA
"473","GRUPO 20",21,26,2,NA,2,NA,2,NA,3,NA,"Les falta la  DEMO"
"474","GRUPO 20",22,27,3,NA,2,NA,2,NA,2,NA,NA
"475","GRUPO 20",23,28,3,NA,3,NA,4,NA,3,NA,NA
"476","GRUPO 20",24,34,3,NA,2,NA,2,NA,3,NA,NA
"477","GRUPO 20",25,35,3,NA,3,NA,2,NA,3,NA,NA
"478","GRUPO 20",26,36,4,NA,3,NA,3,NA,3,NA,NA
"479","GRUPO 20",27,37,2,NA,2,NA,2,NA,2,NA,"Mejorar la exposición individual"
"480","GRUPO 20",28,21,3,NA,3,NA,3,NA,3,NA,NA
"481","GRUPO 20",29,6,3,NA,3,NA,3,NA,3,NA,NA
"482","GRUPO 20",30,22,3,NA,2,NA,2,NA,2,NA,NA
"483","GRUPO 20",31,32,3,NA,3,NA,2,NA,3,NA,"Les falta el ejecutable"
"484","GRUPO 20",32,30,3,NA,3,NA,3,NA,3,NA,NA
"485","GRUPO 20",33,29,3,NA,2,NA,3,NA,2,NA,"No estuvo muy claro , las conclusiones no estan especificadad al resultado"
"486","GRUPO 20",34,33,2,NA,3,NA,3,NA,3,NA,NA
"487","GRUPO 21",1,1,4,NA,4,NA,3,NA,4,NA,"La explicación del contenido, la programación y la simulación fue muy entendible, y a mi parcer fue muy buena"
"488","GRUPO 21",2,2,4,"Su tema fue muy claro y preciso",3,"Establecieron formas irreversibles de expresar sus conclusiones, sin embargo faltó un poco de proyección.",4,"Evidenciaron frecuentemente todos sus temas",3,"Argumentaron exponencialmente todas sus evidencias y funciones.",NA
"489","GRUPO 21",3,3,3,"Presentaron un contenido fácil de entender",3,"La sustentación fue clara",2,"La presentación del tema fue interesante",3,"Sus conclusiones fueron argumentadas de manera eficaz",NA
"490","GRUPO 21",4,4,3,NA,3,NA,4,NA,4,NA,NA
"491","GRUPO 21",5,5,4,NA,4,NA,4,NA,4,NA,NA
"492","GRUPO 21",6,6,4,NA,4,NA,4,NA,4,NA,NA
"493","GRUPO 21",7,7,3,"Conocimiento",3,"Claro",4,"Comprensible, entendible y bien explicado",4,"Perfecto","Perfecto"
"494","GRUPO 21",8,8,4,NA,4,NA,4,NA,4,NA,"Fluiez en todo el grupo"
"495","GRUPO 21",9,9,4,NA,4,NA,4,NA,4,NA,NA
"496","GRUPO 21",10,10,4,NA,4,NA,4,NA,4,NA,NA
"497","GRUPO 21",11,11,4,NA,4,NA,4,NA,4,NA,NA
"498","GRUPO 21",12,12,3,NA,3,NA,3,NA,3,NA,NA
"499","GRUPO 21",13,13,3,NA,3,NA,3,NA,3,NA,NA
"500","GRUPO 21",14,14,3,"Contenido organizado",3,"Su informe es claro ya que sus análisis son en base a sus hallazgos",3,"Todos sus trabajos fueron muy bien evidenciados",3,"Los argumentos fueron precisos","Fue una presentación fluida con organización, su estudio en el análisis del proyecto fue muy bueno y preciso al momento de hacer sus análisis"
"501","GRUPO 21",15,15,4,NA,4,NA,4,NA,4,NA,NA
"502","GRUPO 21",16,16,2,"Faltó contenido",3,"Es claro pero falta información",3,"Se obtuvieron pruebas muy buenas",2,"Más fluidez de palabras",NA
"503","GRUPO 21",17,17,2,NA,2,NA,2,NA,2,NA,NA
"504","GRUPO 21",18,18,3,"Claro y eficiente",4,"Lo expuesto fue claro",4,"Los parámetros fueron justificados",4,"La exposición fue clara, precisa y demostrativa","Excelente participación"
"505","GRUPO 21",19,19,3,NA,3,NA,3,NA,3,NA,"Sin problemas"
"506","GRUPO 21",20,20,4,NA,4,NA,4,NA,4,NA,NA
"507","GRUPO 21",21,21,2,NA,3,NA,3,NA,2,"Muy larga la explicación del código","Si se les entendió lo que explicaron"
"508","GRUPO 21",22,22,3,NA,3,NA,2,NA,2,NA,"Estuvieron bien"
"509","GRUPO 21",23,23,3,NA,3,NA,3,"Muy bien evidenciado",3,"Algo confuso al ser mucho contenido",NA
"510","GRUPO 21",24,24,NA,NA,NA,NA,NA,NA,NA,NA,NA
"511","GRUPO 21",25,25,3,NA,3,NA,4,"Funcional",3,"Aceptable",NA
"512","GRUPO 21",26,26,3,NA,2,NA,3,NA,3,NA,"Les falta más coordinación ya que estaba pasado del minuto por cada segmento"
"513","GRUPO 21",27,27,4,NA,4,NA,4,NA,4,NA,NA
"514","GRUPO 21",28,28,4,NA,4,NA,3,NA,4,NA,NA
"515","GRUPO 21",29,29,4,NA,4,NA,4,NA,4,NA,"Muy bien explicado"
"516","GRUPO 21",30,30,3,NA,3,NA,3,NA,3,NA,NA
"517","GRUPO 21",31,31,4,NA,4,NA,4,NA,4,NA,NA
"518","GRUPO 21",32,32,4,NA,4,NA,4,NA,4,NA,"Buen proyecto, buena explicación"
"519","GRUPO 21",33,33,3,NA,3,NA,3,NA,3,NA,"Excelente exposición"
"520","GRUPO 21",34,34,3,NA,3,NA,3,NA,3,NA,NA
"521","GRUPO 21",35,35,NA,NA,NA,NA,NA,NA,NA,NA,NA
"522","GRUPO 21",36,36,4,NA,3,NA,3,NA,3,NA,NA
"523","GRUPO 21",37,37,3,"Exposición clara sobre el tema",3,NA,3,"Información clara",4,"Ejecución del código buena",NA
